code_bassin_emploi;rome;rome_connexe;score
001;N4301;N4402;0.008765257374132363
002;N4301;N4402;0.008765257374132363
003;N4301;N4402;0.008765257374132363
004;N4301;N4402;0.008765257374132363
001;D1501;N4402;0.008765257374132363
001;D1501;N4403;0.1
002;D1501;N4402;0.008765257374132363
003;D1501;N4402;0.008765257374132363
004;D1501;N4402;0.008765257374132363
